severity,type,name,pipe,branch,line,issue
warning,PSLIST,-,/100-B-1,/100-B-1/B3,697,missing position; unset SHOP; missing spec/reference
warning,PSPOOL,/100-B-1-PS01,/100-B-1,/100-B-1/B3,699,missing position; unset SHOP; missing spec/reference
warning,PSPOOL,/100-B-1-PS02,/100-B-1,/100-B-1/B3,703,missing position; unset SHOP; missing spec/reference
warning,PSPOOL,/100-B-1-PS03,/100-B-1,/100-B-1/B3,707,missing position; unset SHOP; missing spec/reference
warning,PSPOOL,/100-B-1-PS04,/100-B-1,/100-B-1/B3,711,missing position; unset SHOP; missing spec/reference
warning,PSPOOL,/100-B-1-PS05,/100-B-1,/100-B-1/B3,715,missing position; unset SHOP; missing spec/reference
warning,PPLIST,-,/100-B-1,/100-B-1/B3,720,missing position; unset SHOP; missing spec/reference
warning,PPIECE,-,/100-B-1,/100-B-1/B3,722,missing position; unset SHOP; missing spec/reference
warning,PPIECE,-,/100-B-1,/100-B-1/B3,727,missing position; unset SHOP; missing spec/reference
warning,PPIECE,-,/100-B-1,/100-B-1/B3,732,missing position; unset SHOP; missing spec/reference
warning,PPIECE,-,/100-B-1,/100-B-1/B3,737,missing position; unset SHOP; missing spec/reference
warning,PPIECE,-,/100-B-1,/100-B-1/B3,742,missing position; unset SHOP; missing spec/reference
warning,PPIECE,-,/100-B-1,/100-B-1/B3,747,missing position; unset SHOP; missing spec/reference
warning,PPIECE,-,/100-B-1,/100-B-1/B3,752,missing position; unset SHOP; missing spec/reference
warning,PPIECE,-,/100-B-1,/100-B-1/B3,757,missing position; unset SHOP; missing spec/reference
warning,PPIECE,-,/100-B-1,/100-B-1/B3,762,missing position; unset SHOP; missing spec/reference
warning,PPIECE,-,/100-B-1,/100-B-1/B3,767,missing position; unset SHOP; missing spec/reference
warning,PPLIST,-,/100-B-1,/100-B-1/B3,773,missing position; unset SHOP; missing spec/reference
warning,PPIECE,-,/100-B-1,/100-B-1/B3,775,missing position; unset SHOP; missing spec/reference
warning,PPIECE,-,/100-B-1,/100-B-1/B3,781,missing position; unset SHOP; missing spec/reference
warning,PPLIST,-,/100-B-1,/100-B-1/B3,788,missing position; unset SHOP; missing spec/reference
warning,PPIECE,-,/100-B-1,/100-B-1/B3,790,missing position; unset SHOP; missing spec/reference
warning,PSLIST,-,/100-B-1A,/100-B-1A/B2,1201,missing position; unset SHOP; missing spec/reference
warning,PSPOOL,/100-B-1A-PS01,/100-B-1A,/100-B-1A/B2,1203,missing position; unset SHOP; missing spec/reference
warning,PSPOOL,/100-B-1A-PS02,/100-B-1A,/100-B-1A/B2,1208,missing position; unset SHOP; missing spec/reference
warning,PSPOOL,/100-B-1A-PS03,/100-B-1A,/100-B-1A/B2,1213,missing position; unset SHOP; missing spec/reference
warning,PPLIST,-,/100-B-1A,/100-B-1A/B2,1219,missing position; unset SHOP; missing spec/reference
warning,PPIECE,-,/100-B-1A,/100-B-1A/B2,1221,missing position; unset SHOP; missing spec/reference
warning,PPIECE,-,/100-B-1A,/100-B-1A/B2,1230,missing position; unset SHOP; missing spec/reference
warning,PPIECE,-,/100-B-1A,/100-B-1A/B2,1239,missing position; unset SHOP; missing spec/reference
warning,PPIECE,-,/100-B-1A,/100-B-1A/B2,1248,missing position; unset SHOP; missing spec/reference
warning,PPIECE,-,/100-B-1A,/100-B-1A/B2,1257,missing position; unset SHOP; missing spec/reference
warning,PPIECE,-,/100-B-1A,/100-B-1A/B2,1266,missing position; unset SHOP; missing spec/reference
warning,PPLIST,-,/100-B-1A,/100-B-1A/B2,1276,missing position; unset SHOP; missing spec/reference
warning,PPIECE,-,/100-B-1A,/100-B-1A/B2,1278,missing position; unset SHOP; missing spec/reference
warning,PSLIST,-,/100-B-1B,/100-B-1B/B2,1696,missing position; unset SHOP; missing spec/reference
warning,PSPOOL,/100-B-1B-PS01,/100-B-1B,/100-B-1B/B2,1698,missing position; unset SHOP; missing spec/reference
warning,PSPOOL,/100-B-1B-PS02,/100-B-1B,/100-B-1B/B2,1703,missing position; unset SHOP; missing spec/reference
warning,PSPOOL,/100-B-1B-PS03,/100-B-1B,/100-B-1B/B2,1708,missing position; unset SHOP; missing spec/reference
warning,PPLIST,-,/100-B-1B,/100-B-1B/B2,1714,missing position; unset SHOP; missing spec/reference
warning,PPIECE,-,/100-B-1B,/100-B-1B/B2,1716,missing position; unset SHOP; missing spec/reference
warning,PPIECE,-,/100-B-1B,/100-B-1B/B2,1725,missing position; unset SHOP; missing spec/reference
warning,PPIECE,-,/100-B-1B,/100-B-1B/B2,1734,missing position; unset SHOP; missing spec/reference
warning,PPIECE,-,/100-B-1B,/100-B-1B/B2,1743,missing position; unset SHOP; missing spec/reference
warning,PPIECE,-,/100-B-1B,/100-B-1B/B2,1752,missing position; unset SHOP; missing spec/reference
warning,PPIECE,-,/100-B-1B,/100-B-1B/B2,1761,missing position; unset SHOP; missing spec/reference
warning,PPLIST,-,/100-B-1B,/100-B-1B/B2,1771,missing position; unset SHOP; missing spec/reference
warning,PPIECE,-,/100-B-1B,/100-B-1B/B2,1773,missing position; unset SHOP; missing spec/reference
warning,PSLIST,-,/100-B-2,/100-B-2/B6,2500,missing position; unset SHOP; missing spec/reference
warning,PSPOOL,/100-B-2-PS01,/100-B-2,/100-B-2/B6,2502,missing position; unset SHOP; missing spec/reference
warning,PSPOOL,/100-B-2-PS02,/100-B-2,/100-B-2/B6,2507,missing position; unset SHOP; missing spec/reference
warning,PSPOOL,/100-B-2-PS03,/100-B-2,/100-B-2/B6,2512,missing position; unset SHOP; missing spec/reference
warning,PSPOOL,/100-B-2-PS04,/100-B-2,/100-B-2/B6,2517,missing position; unset SHOP; missing spec/reference
warning,PSPOOL,/100-B-2-PS05,/100-B-2,/100-B-2/B6,2522,missing position; unset SHOP; missing spec/reference
warning,PPLIST,-,/100-B-2,/100-B-2/B6,2528,missing position; unset SHOP; missing spec/reference
warning,PPIECE,-,/100-B-2,/100-B-2/B6,2530,missing position; unset SHOP; missing spec/reference
warning,PPIECE,-,/100-B-2,/100-B-2/B6,2539,missing position; unset SHOP; missing spec/reference
warning,PPIECE,-,/100-B-2,/100-B-2/B6,2548,missing position; unset SHOP; missing spec/reference
warning,PPIECE,-,/100-B-2,/100-B-2/B6,2557,missing position; unset SHOP; missing spec/reference
warning,PPIECE,-,/100-B-2,/100-B-2/B6,2566,missing position; unset SHOP; missing spec/reference
warning,PPIECE,-,/100-B-2,/100-B-2/B6,2575,missing position; unset SHOP; missing spec/reference
warning,PPLIST,-,/100-B-2,/100-B-2/B6,2585,missing position; unset SHOP; missing spec/reference
warning,PPIECE,-,/100-B-2,/100-B-2/B6,2587,missing position; unset SHOP; missing spec/reference
warning,PPIECE,-,/100-B-2,/100-B-2/B6,2596,missing position; unset SHOP; missing spec/reference
warning,PPLIST,-,/100-B-2,/100-B-2/B6,2606,missing position; unset SHOP; missing spec/reference
warning,PPIECE,-,/100-B-2,/100-B-2/B6,2608,missing position; unset SHOP; missing spec/reference
warning,PPIECE,-,/100-B-2,/100-B-2/B6,2617,missing position; unset SHOP; missing spec/reference
warning,PPIECE,-,/100-B-2,/100-B-2/B6,2626,missing position; unset SHOP; missing spec/reference
warning,PPLIST,-,/100-B-2,/100-B-2/B6,2636,missing position; unset SHOP; missing spec/reference
warning,PPIECE,-,/100-B-2,/100-B-2/B6,2638,missing position; unset SHOP; missing spec/reference
warning,PSLIST,-,/200-B-4,/200-B-4/B3,3457,missing position; unset SHOP; missing spec/reference
warning,PSPOOL,/200-B-4-PS01,/200-B-4,/200-B-4/B3,3459,missing position; unset SHOP; missing spec/reference
warning,PSPOOL,/200-B-4-PS02,/200-B-4,/200-B-4/B3,3464,missing position; unset SHOP; missing spec/reference
warning,PPLIST,-,/200-B-4,/200-B-4/B3,3470,missing position; unset SHOP; missing spec/reference
warning,PPIECE,-,/200-B-4,/200-B-4/B3,3472,missing position; unset SHOP; missing spec/reference
warning,PPIECE,-,/200-B-4,/200-B-4/B3,3481,missing position; unset SHOP; missing spec/reference
warning,PPIECE,-,/200-B-4,/200-B-4/B3,3490,missing position; unset SHOP; missing spec/reference
warning,PPLIST,-,/200-B-4,/200-B-4/B3,3500,missing position; unset SHOP; missing spec/reference
warning,PPIECE,-,/200-B-4,/200-B-4/B3,3502,missing position; unset SHOP; missing spec/reference
warning,PPIECE,-,/200-B-4,/200-B-4/B3,3511,missing position; unset SHOP; missing spec/reference
warning,PPIECE,-,/200-B-4,/200-B-4/B3,3520,missing position; unset SHOP; missing spec/reference
warning,PPIECE,-,/200-B-4,/200-B-4/B3,3529,missing position; unset SHOP; missing spec/reference
warning,PPIECE,-,/200-B-4,/200-B-4/B3,3538,missing position; unset SHOP; missing spec/reference
warning,PPIECE,-,/200-B-4,/200-B-4/B3,3547,missing position; unset SHOP; missing spec/reference
warning,PPLIST,-,/200-B-4,/200-B-4/B3,3557,missing position; unset SHOP; missing spec/reference
warning,PPIECE,-,/200-B-4,/200-B-4/B3,3559,missing position; unset SHOP; missing spec/reference
info,PIPCARTESIAN,-,/250-B-5,/250-B-5/B1,3666,unset SHOP; missing spec/reference
info,PIPCARTESIAN,-,/250-B-5,/250-B-5/B1,3738,unset SHOP; missing spec/reference
warning,PSLIST,-,/250-B-5,/250-B-5/B4,4083,missing position; unset SHOP; missing spec/reference
warning,PSPOOL,/250-B-5-PS01,/250-B-5,/250-B-5/B4,4085,missing position; unset SHOP; missing spec/reference
warning,PSPOOL,/250-B-5-PS02,/250-B-5,/250-B-5/B4,4090,missing position; unset SHOP; missing spec/reference
warning,PSPOOL,/250-B-5-PS03,/250-B-5,/250-B-5/B4,4095,missing position; unset SHOP; missing spec/reference
warning,PPLIST,-,/250-B-5,/250-B-5/B4,4101,missing position; unset SHOP; missing spec/reference
warning,PPIECE,-,/250-B-5,/250-B-5/B4,4103,missing position; unset SHOP; missing spec/reference
warning,PPIECE,-,/250-B-5,/250-B-5/B4,4112,missing position; unset SHOP; missing spec/reference
warning,PPIECE,-,/250-B-5,/250-B-5/B4,4121,missing position; unset SHOP; missing spec/reference
warning,PPIECE,-,/250-B-5,/250-B-5/B4,4130,missing position; unset SHOP; missing spec/reference
warning,PPLIST,-,/250-B-5,/250-B-5/B4,4140,missing position; unset SHOP; missing spec/reference
warning,PPIECE,-,/250-B-5,/250-B-5/B4,4142,missing position; unset SHOP; missing spec/reference
warning,PPIECE,-,/250-B-5,/250-B-5/B4,4151,missing position; unset SHOP; missing spec/reference
warning,PPIECE,-,/250-B-5,/250-B-5/B4,4160,missing position; unset SHOP; missing spec/reference
warning,PPLIST,-,/250-B-5,/250-B-5/B4,4170,missing position; unset SHOP; missing spec/reference
warning,PPIECE,-,/250-B-5,/250-B-5/B4,4172,missing position; unset SHOP; missing spec/reference
warning,PPLIST,-,/250-B-5,/250-B-5/B4,4182,missing position; unset SHOP; missing spec/reference
warning,PPIECE,-,/250-B-5,/250-B-5/B4,4184,missing position; unset SHOP; missing spec/reference
warning,PSLIST,-,/80-B-7,/80-B-7/B1,4493,missing position; unset SHOP; missing spec/reference
warning,PSPOOL,/80-B-7-PS01,/80-B-7,/80-B-7/B1,4495,missing position; unset SHOP; missing spec/reference
warning,PPLIST,-,/80-B-7,/80-B-7/B1,4501,missing position; unset SHOP; missing spec/reference
warning,PPIECE,-,/80-B-7,/80-B-7/B1,4503,missing position; unset SHOP; missing spec/reference
warning,PSLIST,-,/100-B-8,/100-B-8/B6,5675,missing position; unset SHOP; missing spec/reference
warning,PSPOOL,/100-B-8-PS05,/100-B-8,/100-B-8/B6,5677,missing position; unset SHOP; missing spec/reference
warning,PSPOOL,/100-B-8-PS06,/100-B-8,/100-B-8/B6,5681,missing position; unset SHOP; missing spec/reference
warning,PSPOOL,/100-B-8-PS01,/100-B-8,/100-B-8/B6,5685,missing position; unset SHOP; missing spec/reference
warning,PSPOOL,/100-B-8-PS02,/100-B-8,/100-B-8/B6,5690,missing position; unset SHOP; missing spec/reference
warning,PSPOOL,/100-B-8-PS03,/100-B-8,/100-B-8/B6,5695,missing position; unset SHOP; missing spec/reference
warning,PSPOOL,/100-B-8-PS04,/100-B-8,/100-B-8/B6,5700,missing position; unset SHOP; missing spec/reference
warning,PPLIST,-,/100-B-8,/100-B-8/B6,5706,missing position; unset SHOP; missing spec/reference
warning,PPIECE,-,/100-B-8,/100-B-8/B6,5708,missing position; unset SHOP; missing spec/reference
warning,PPIECE,-,/100-B-8,/100-B-8/B6,5711,missing position; unset SHOP; missing spec/reference
warning,PPIECE,-,/100-B-8,/100-B-8/B6,5714,missing position; unset SHOP; missing spec/reference
